posting_id,matches
train_129225211,train_129225211
train_3386243561,train_3386243561
train_2288590299,train_2288590299
train_2406599165,train_2406599165
train_3369186413,train_3369186413
train_2464356923,train_2464356923
train_1802986387,train_1802986387
train_1806152124,train_1806152124
train_86570404,train_86570404
train_831680791,train_831680791
train_1598329973,train_1598329973
train_2496690777,train_2496690777 train_2771755203
train_2771755203,train_2496690777 train_2771755203
train_998568945,train_998568945
train_4287573913,train_4287573913
train_4196427721,train_4196427721
train_3009013664,train_3009013664
train_3054371232,train_3054371232
train_2985955659,train_2985955659
train_2961381387,train_2961381387
train_999391364,train_999391364
train_2238403912,train_2238403912
train_1396146683,train_1396146683
train_1180155871,train_1180155871
train_1872347548,train_1872347548
train_249329869,train_249329869
train_2905529497,train_2905529497
train_3466601092,train_3466601092
train_1572286671,train_1572286671 train_3117535609
train_3117535609,train_1572286671 train_3117535609
train_1617041019,train_1617041019
train_2410183091,train_143394667 train_2410183091
train_1461445798,train_1461445798
train_1449570166,train_1449570166
train_1327117441,train_1327117441
train_1640409557,train_1640409557 train_2613418854
train_2720300071,train_2720300071
train_3906985249,train_3906985249
train_4146813717,train_4146813717
train_4193869534,train_4193869534
train_2966264418,train_2966264418
train_961019399,train_961019399
train_3697474443,train_3697474443
train_3350934785,train_3350934785
train_476982317,train_476982317
train_1243594898,train_1243594898
train_2679824623,train_2679824623
train_140914082,train_140914082
train_1164271328,train_1164271328
train_3743764071,train_3743764071
train_3497907844,train_3497907844
train_363659042,train_363659042
train_3297816647,train_3297816647
train_3122040273,train_3122040273
train_3921931335,train_3921931335
train_3453637142,train_3453637142 train_802453801
train_2281183509,train_2281183509 train_615566263
train_615566263,train_2281183509 train_615566263
train_3663748113,train_1398921910 train_2508338935 train_3663748113
train_1398921910,train_1398921910 train_2508338935 train_3663748113
train_3085463168,train_3085463168
train_2231906914,train_2231906914
train_3241824372,train_3241824372
train_1734882388,train_1420726013 train_1734882388
train_3286978516,train_3286978516
train_1612784649,train_1612784649
train_2510999729,train_2510999729
train_3919593581,train_3919593581
train_2010199669,train_2010199669
train_3884457980,train_3884457980
train_4211938281,train_4211938281
train_2828504439,train_2828504439
train_149323111,train_149323111
train_2666382378,train_2666382378
train_3589506283,train_3589506283
train_3043787667,train_3043787667
train_2437872381,train_2437872381
train_472067494,train_472067494
train_2962272674,train_2962272674
train_951314265,train_951314265
train_2051205225,train_2051205225
train_2695183959,train_2695183959
train_2806016221,train_2806016221 train_4151772784
train_1648139967,train_1648139967
train_4227549842,train_4227549842
train_4175229751,train_4175229751
train_2905859802,train_2905859802
train_711483468,train_711483468
train_1733811555,train_1733811555
train_1400779757,train_1400779757
train_3296206419,train_3296206419
train_2642949637,train_2642949637
train_3249862091,train_3249862091
train_1368113489,train_1368113489
train_1889514443,train_1889514443 train_2895116276
train_2871716249,train_2871716249
train_3879247647,train_3879247647
train_2930186018,train_2930186018
train_2856183961,train_1420726013 train_2856183961
train_1420726013,train_1420726013 train_1734882388 train_2856183961
train_3464136823,train_3464136823
train_3377123715,train_3377123715
train_277615634,train_277615634
train_2088327894,train_2088327894
train_1648915230,train_1641797816 train_1648915230 train_2500339995 train_3977286900
train_2500339995,train_1641797816 train_1648915230 train_2500339995 train_3977286900
train_3977286900,train_1641797816 train_1648915230 train_2500339995 train_3977286900
train_1641797816,train_1641797816 train_1648915230 train_2500339995 train_3977286900
train_3582623500,train_3476473016 train_3582623500
train_3476473016,train_3476473016 train_3582623500
train_1457705588,train_1457705588
train_3706564646,train_3706564646
train_533166742,train_533166742
train_1012209986,train_1012209986
train_3139371939,train_1820535872 train_3139371939
train_404207615,train_404207615
train_411236838,train_411236838
train_1015862061,train_1015862061
train_2785578899,train_2785578899
train_1901526598,train_1901526598 train_2348197943
train_2348197943,train_1901526598 train_2348197943
train_37143550,train_37143550
train_1337984987,train_1337984987
train_3427012881,train_3427012881
train_3542367375,train_3542367375
train_3357525517,train_3357525517
train_747128673,train_747128673
train_3309817101,train_3309817101
train_1904388778,train_1904388778 train_2530235951
train_1580284475,train_1580284475
train_4126022211,train_4126022211
train_1124779608,train_1124779608
train_1490085416,train_1490085416 train_3496681532
train_1552141730,train_1552141730
train_1241026177,train_1241026177
train_2792135571,train_2792135571
train_1854838389,train_1854838389
train_2408772693,train_2408772693
train_2776660940,train_2776660940
train_4062659417,train_4062659417
train_2453841397,train_2453841397
train_2463688086,train_2463688086
train_3314954320,train_3314954320
train_3956856075,train_3956856075
train_1343380721,train_1343380721
train_2602142606,train_2602142606 train_4107571128
train_1414886454,train_1414886454 train_3384807455
train_826105344,train_826105344
train_1920364021,train_1920364021
train_544580404,train_544580404
train_3249867868,train_3249867868 train_468635764
train_468635764,train_3249867868 train_468635764
train_3436013418,train_3436013418
train_3546121241,train_3546121241
train_652437998,train_652437998
train_4107571128,train_2602142606 train_4107571128
train_2800020956,train_2800020956
train_3519742542,train_3519742542
train_34881320,train_34881320
train_531698853,train_531698853
train_1576700458,train_1576700458
train_1109787142,train_1109787142
train_1364742229,train_1364742229
train_438033632,train_438033632
train_1133752994,train_1133752994 train_2950528366
train_3228499978,train_3228499978
train_143110760,train_143110760
train_4147489958,train_4147489958
train_4027585169,train_4027585169
train_3741232712,train_3741232712
train_3475298842,train_3475298842
train_2223082242,train_2223082242
train_2502039152,train_2502039152
train_4090338879,train_4090338879
train_1289458574,train_1289458574 train_274530042
train_2129499368,train_2129499368
train_303300793,train_303300793
train_1844656348,train_1844656348
train_2304925196,train_2304925196
train_3926241003,train_3926241003
train_1420756223,train_1420756223
train_1132415767,train_1132415767
train_2466966966,train_2466966966
train_382090267,train_382090267
train_2926860783,train_2926860783
train_2678784958,train_2678784958
train_3730238611,train_3730238611
train_3223029042,train_3223029042
train_1360448474,train_1360448474
train_1724760722,train_1724760722
train_3521680760,train_3521680760
train_3975028088,train_3958108181 train_3975028088
train_1405311858,train_1405311858
train_1568682908,train_1568682908
train_1816968361,train_1816968361 train_2120597446
train_2794195507,train_2794195507
train_1192495588,train_1192495588
train_3668574065,train_3668574065
train_3575321186,train_3575321186
train_2785137660,train_2785137660
train_105420214,train_105420214
train_2495728489,train_2495728489
train_857974505,train_857974505
train_2482849092,train_2482849092
train_33431845,train_33431845
train_597673068,train_597673068
train_865472864,train_865472864
train_2451015876,train_2451015876
train_4279989230,train_4279989230
train_3295271340,train_3295271340
train_2542479432,train_2542479432
train_3040500929,train_2569398543 train_3040500929
train_1002628427,train_1002628427
train_328898393,train_328898393
train_3570047765,train_3570047765
train_92575259,train_92575259
train_3885520318,train_3885520318 train_759924035
train_25962614,train_25962614
train_910946536,train_910946536
train_2246118465,train_2246118465
train_103880126,train_103880126
train_4198221877,train_4198221877
train_2819548534,train_2819548534
train_15903104,train_15903104
train_362460938,train_362460938
train_1192670857,train_1192670857
train_1313761395,train_1313761395
train_1680128704,train_1680128704
train_2401493960,train_2401493960
train_2698916323,train_2698916323
train_4000911558,train_3495901022 train_4000911558 train_4231036206
train_4231036206,train_3495901022 train_4000911558 train_4231036206
train_3495901022,train_3495901022 train_4000911558 train_4231036206
train_2475532099,train_2475532099
train_4097891374,train_4097891374
train_2885845594,train_2885845594
train_2328264860,train_2328264860
train_2117155561,train_2117155561
train_3219378211,train_315847490 train_3219378211
train_315847490,train_315847490 train_3219378211
train_621261825,train_621261825
train_920654896,train_920654896
train_3397724867,train_3397724867
train_465895886,train_465895886
train_1553293204,train_1553293204
train_3951567071,train_3951567071
train_3320345500,train_3320345500
train_3432779569,train_3432779569
train_1264568510,train_1264568510
train_1341388284,train_1341388284
train_2714701874,train_2714701874
train_3647647135,train_3647647135
train_2223127215,train_2223127215
train_4035822411,train_4035822411
train_2509263829,train_2509263829
train_1445799213,train_1445799213
train_4223940416,train_4223940416
train_249911810,train_249911810
train_199884151,train_199884151
train_1631219749,train_1631219749
train_2613418854,train_1640409557 train_2613418854
train_2145162288,train_2145162288
train_2281993276,train_2281993276
train_239626874,train_239626874
train_4129383326,train_4129383326
train_3417776213,train_3417776213
train_3752166781,train_3752166781
train_1412838269,train_1412838269
train_4000638715,train_4000638715
train_2581150275,train_2581150275
train_3484834556,train_3484834556
train_3614220053,train_3614220053
train_925544261,train_925544261
train_3270819794,train_3270819794
train_3697728683,train_3697728683
train_1251926547,train_1251926547
train_671452520,train_671452520
train_2387729813,train_2387729813
train_552274453,train_552274453
train_1628401985,train_1628401985
train_1760487371,train_1760487371
train_3754566983,train_3754566983
train_3832763308,train_3832763308
train_658533661,train_658533661
train_3444739286,train_3444739286
train_2533970465,train_2533970465
train_2079914437,train_2079914437
train_4006414333,train_4006414333
train_2898775248,train_2898775248
train_964016907,train_964016907
train_1387018466,train_1387018466
train_4122222442,train_4122222442
train_3167489686,train_3167489686
train_1042174092,train_1042174092
train_3150618432,train_3150618432
train_2846721052,train_2846721052
train_513664170,train_513664170
train_2171725112,train_2171725112
train_1691787000,train_1691787000 train_3371902733 train_3741926471
train_1859918695,train_1859918695
train_2523995871,train_2523995871
train_2559532669,train_2559532669
train_3312462850,train_3312462850
train_906348618,train_906348618
train_1305582383,train_1305582383
train_118271408,train_118271408
train_4206743389,train_4206743389 train_984412308
train_1869264393,train_1869264393
train_2770553587,train_2770553587
train_1163576024,train_1163576024
train_1913983090,train_1913983090
train_1408954999,train_1408954999
train_802453801,train_3453637142 train_802453801
train_1820535872,train_1820535872 train_3139371939
train_2118217085,train_2118217085
train_3979498769,train_3979498769
train_3400014984,train_3400014984
train_3811473423,train_3811473423
train_2648609819,train_2648609819
train_426226685,train_426226685
train_881126378,train_881126378
train_884756831,train_884756831
train_2212318809,train_2212318809
train_1894259571,train_1894259571
train_920943143,train_920943143
train_2272350134,train_2272350134
train_1426391373,train_1426391373
train_461752132,train_461752132
train_2999875224,train_2999875224
train_1896655048,train_1896655048
train_102546490,train_102546490
train_4184037897,train_1010868925 train_4184037897
train_1576071293,train_1576071293
train_1696804962,train_1696804962
train_474492328,train_474492328
train_578151559,train_578151559
train_1025931882,train_1025931882
train_2781541373,train_2781541373
train_3025597522,train_3025597522
train_867883750,train_867883750
train_95327516,train_95327516
train_3112943472,train_3112943472
train_739988306,train_739988306
train_588233376,train_2821917682 train_576940044 train_588233376
train_1871235266,train_1871235266
train_3939547627,train_3939547627
train_3008115222,train_3008115222
train_2841386356,train_2841386356
train_4062202345,train_4062202345
train_1694463085,train_1694463085
train_921352661,train_921352661
train_1409677330,train_1409677330
train_1285587936,train_1285587936
train_2310624490,train_2310624490
train_2382200595,train_2382200595
train_1777028486,train_1777028486
train_3739820419,train_3739820419
train_2143180994,train_2143180994
train_2527657095,train_2527657095
train_2343196131,train_2343196131
train_3285349337,train_3285349337
train_4035617916,train_4035617916
train_3086931669,train_3086931669
train_360761066,train_360761066
train_1843031634,train_1843031634 train_1922843203
train_2752758778,train_2752758778
train_2653358242,train_2653358242
train_3014327143,train_1072645845 train_1331800358 train_3014327143
train_1072645845,train_1072645845 train_1331800358 train_3014327143
train_572091964,train_572091964
train_2531133618,train_2531133618
train_2163758998,train_2163758998
train_2009220381,train_2009220381
train_957631616,train_957631616
train_3927974289,train_3927974289
train_3369060938,train_3369060938
train_2087783702,train_2087783702
train_749970552,train_749970552
train_3571348173,train_3571348173
train_3731105045,train_1157521823 train_3731105045
train_1157521823,train_1157521823 train_3731105045
train_1674890346,train_1674890346
train_2909881691,train_2909881691
train_1119272053,train_1119272053
train_3933093948,train_3933093948
train_1152628663,train_1152628663
train_2839644821,train_2839644821
train_3769920894,train_3769920894
train_2698636066,train_2698636066
train_2537361362,train_2537361362
train_1623950308,train_1623950308
train_3323457641,train_3323457641
train_3971466276,train_3971466276
train_2948592561,train_2948592561
train_3613829789,train_3613829789
train_3348271056,train_3348271056
train_1603847192,train_1603847192
train_3763177524,train_3763177524
train_2022015595,train_2022015595
train_655743445,train_655743445
train_2809064162,train_2809064162
train_2831142988,train_2831142988
train_3045405227,train_3045405227
train_648709333,train_648709333
train_2768994033,train_2768994033 train_296551336
train_296551336,train_2768994033 train_296551336
train_4255409553,train_4255409553
train_1066425671,train_1066425671
train_256896043,train_256896043
train_274530042,train_1289458574 train_274530042
train_365908796,train_365908796
train_3976230915,train_3976230915
train_730487603,train_730487603
train_3163022380,train_2524415309 train_3163022380
train_2524415309,train_2524415309 train_3163022380
train_531689340,train_531689340
train_3038027723,train_3038027723
train_1700061467,train_1700061467
train_1998114593,train_1998114593
train_1173798403,train_1173798403
train_676167874,train_676167874
train_2670580531,train_2670580531
train_3443100069,train_3443100069
train_592369427,train_592369427
train_1158207395,train_1158207395
train_3541382487,train_3541382487
train_3876401311,train_3876401311
train_2909784638,train_2909784638
train_1501419571,train_1501419571
train_3687966754,train_3409221312 train_3687966754
train_2895116276,train_1889514443 train_2895116276
train_2416870749,train_2416870749
train_705512967,train_705512967
train_3272798449,train_3272798449
train_2343153579,train_2343153579
train_2526779027,train_2526779027
train_2474767634,train_2474767634
train_2535681490,train_2535681490
train_2373862435,train_2373862435
train_1733601001,train_1733601001
train_2721604133,train_2152672329 train_2721604133
train_2152672329,train_2152672329 train_2721604133
train_1389161689,train_1389161689
train_1520989397,train_1520989397
train_4233918426,train_4233918426
train_667320315,train_667320315
train_4221325765,train_4221325765
train_4207368713,train_4207368713
train_4020360311,train_4020360311
train_628517053,train_628517053
train_3469478512,train_3469478512
train_3468435425,train_3468435425
train_2222807806,train_2222807806 train_3935007366
train_194434331,train_194434331
train_1190645964,train_1190645964
train_1523148021,train_1523148021
train_1480665000,train_1480665000
train_1460884664,train_1460884664
train_860431876,train_860431876
train_2406723712,train_2406723712
train_2869812413,train_2869812413
train_1497950549,train_1497950549
train_3198923992,train_3198923992
train_762265191,train_762265191
train_1277022694,train_1277022694
train_956317790,train_956317790
train_3179426701,train_3179426701
train_1766263863,train_1766263863
train_3204397086,train_3204397086
train_2120597446,train_1816968361 train_2120597446
train_2800674724,train_2800674724
train_449942799,train_449942799
train_1919076735,train_1919076735
train_2356388016,train_2356388016
train_2808879174,train_2808879174
train_2330271012,train_2330271012
train_2669167783,train_2669167783
train_3383767615,train_3383767615
train_3537456892,train_3537456892
train_1263165270,train_1263165270
train_3666839723,train_3666839723
train_1920173189,train_1920173189
train_2508338935,train_1398921910 train_2508338935 train_3663748113
train_2096420989,train_2096420989
train_4269093928,train_3459621696 train_4269093928
train_70946930,train_70946930
train_3527655215,train_3527655215
train_3450455154,train_3450455154
train_1010868925,train_1010868925 train_4184037897
train_2539032520,train_2539032520
train_1219913591,train_1219913591
train_1026563224,train_1026563224
train_231144319,train_231144319
train_727453478,train_727453478
train_3245791192,train_3245791192
train_4282832671,train_4282832671
train_972582442,train_972582442
train_643554703,train_643554703
train_650774259,train_650774259
train_768921851,train_768921851
train_698863428,train_698863428
train_2592728479,train_1409045358 train_2592728479
train_3183710271,train_3183710271
train_2578052633,train_2578052633
train_3880043277,train_3880043277
train_1045170109,train_1045170109
train_975301531,train_975301531
train_2354107204,train_2354107204
train_2762029384,train_2762029384
train_3384807455,train_1414886454 train_3384807455
train_2487658275,train_1331800358 train_2487658275
train_164865832,train_164865832
train_3792180886,train_3792180886
train_4015684144,train_4015684144
train_1569111250,train_1569111250
train_2530235951,train_1904388778 train_2530235951
train_496484454,train_496484454
train_2415058924,train_2415058924
train_685198319,train_685198319
train_2969481517,train_2969481517
train_1085922914,train_1085922914 train_2711071734
train_3616034922,train_3616034922
train_987497013,train_987497013
train_2267612514,train_2267612514
train_1724980450,train_1724980450
train_1817199743,train_1817199743
train_2559223031,train_2559223031
train_2930293647,train_2930293647
train_57281679,train_57281679
train_3041799771,train_3041799771
train_78020174,train_78020174
train_3106713135,train_3106713135
train_412517526,train_412517526
train_3849453327,train_3849453327
train_1966542081,train_1966542081
train_1961552292,train_1961552292
train_3498057311,train_3498057311
train_762108319,train_762108319
train_123319446,train_123319446
train_128455886,train_128455886
train_2604212747,train_2604212747
train_3935007366,train_2222807806 train_3935007366
train_1512328383,train_1512328383
train_2675473306,train_2675473306
train_3741926471,train_1691787000 train_3371902733 train_3741926471
train_3371902733,train_1691787000 train_3371902733 train_3741926471
train_3932348722,train_3932348722
train_1480884871,train_1480884871
train_3958108181,train_3958108181 train_3975028088
train_831012216,train_831012216
train_4204187863,train_4204187863
train_1334289722,train_1334289722
train_505531890,train_505531890
train_3074331626,train_3074331626
train_1746378396,train_1746378396
train_4052401411,train_4052401411
train_2595608300,train_2595608300
train_3951809717,train_3951809717
train_916038872,train_916038872
train_2121405728,train_2121405728 train_2410668370
train_4015574543,train_4015574543
train_318615224,train_318615224
train_2443350857,train_2443350857
train_981445195,train_981445195
train_2324120448,train_2324120448
train_3732415252,train_3732415252
train_3761611877,train_3761611877
train_759924035,train_3885520318 train_759924035
train_184994396,train_184994396
train_2094638534,train_2094638534
train_1211751940,train_1211751940
train_2699999732,train_2699999732
train_2734674505,train_2734674505
train_3048878084,train_3048878084
train_1197007619,train_1197007619
train_2761157068,train_2761157068
train_624826283,train_624826283
train_1329436369,train_1329436369
train_2196872963,train_2196872963
train_1015625393,train_1015625393 train_2990915947
train_4234616449,train_4234616449
train_1548258029,train_1548258029
train_993079226,train_993079226
train_524007547,train_524007547
train_1913451031,train_1913451031
train_2039814521,train_2039814521
train_268233190,train_268233190
train_421227944,train_421227944
train_4208920348,train_2690347138 train_4208920348
train_2690347138,train_2690347138 train_4208920348
train_516366905,train_516366905
train_2235153780,train_2235153780
train_2010729466,train_2010729466 train_2708640796
train_2517685633,train_2517685633
train_3273734833,train_3273734833
train_2923575119,train_2923575119
train_1437553518,train_1437553518
train_1331800358,train_1072645845 train_1331800358 train_2487658275 train_3014327143
train_1056897137,train_1056897137
train_4192598310,train_4192598310
train_1484734200,train_1484734200
train_750011650,train_750011650
train_701892467,train_701892467
train_4168610580,train_4168610580
train_392701199,train_392701199
train_2843292969,train_2843292969
train_1298786542,train_1298786542 train_4151772784
train_4236409799,train_4236409799
train_292541350,train_292541350
train_3875997381,train_3875997381
train_3375259922,train_3375259922
train_2247183115,train_2247183115
train_2847954650,train_2847954650
train_2447498886,train_2447498886
train_87981461,train_87981461
train_4045506704,train_4045506704
train_3560662756,train_3560662756
train_2032629485,train_2032629485
train_1779298613,train_1779298613
train_2928398792,train_2928398792
train_2298590259,train_2298590259
train_2413283241,train_2413283241
train_2128880978,train_2128880978 train_2845124261
train_2845124261,train_2128880978 train_2845124261
train_2109114219,train_2109114219 train_2821917682 train_576940044
train_656283523,train_656283523
train_8408167,train_8408167
train_1313978949,train_1313978949
train_3058896784,train_3058896784
train_490235350,train_490235350
train_1095990200,train_1095990200
train_2111314003,train_2111314003
train_2691679221,train_2691679221
train_2708640796,train_2010729466 train_2708640796
train_27407468,train_27407468
train_230489388,train_230489388
train_117475510,train_117475510
train_3740915880,train_3740915880
train_867713168,train_867713168
train_747704194,train_2569398543 train_747704194
train_571407393,train_571407393
train_2120095754,train_2120095754
train_2104971635,train_2104971635
train_2116267787,train_2116267787
train_3603940395,train_3603940395
train_3545692446,train_3545692446
train_3076279108,train_3076279108
train_3213152626,train_3213152626
train_1044782790,train_1044782790
train_631097352,train_631097352
train_682303720,train_682303720
train_3362629193,train_3362629193
train_2921230551,train_2921230551
train_1358415648,train_1358415648
train_3776957771,train_3776957771
train_4182402947,train_2236378953 train_4182402947
train_2236378953,train_2236378953 train_4182402947
train_2139658575,train_2139658575
train_627149266,train_627149266
train_309140983,train_309140983
train_4090097043,train_4090097043
train_2950515831,train_2950515831
train_3172486984,train_3172486984
train_3611625564,train_3611625564
train_744741792,train_744741792
train_3417243344,train_3417243344
train_1689011486,train_1689011486
train_3122507163,train_3122507163
train_2374942748,train_2374942748
train_1273354413,train_1273354413
train_888628681,train_888628681
train_2753048616,train_2753048616
train_188449764,train_188449764
train_257012805,train_257012805
train_2462443684,train_2462443684
train_3041097429,train_3041097429
train_2368171427,train_2368171427
train_2686018835,train_2686018835
train_3879045330,train_3879045330
train_1565085476,train_1565085476
train_3023095194,train_3023095194
train_2435799193,train_2435799193
train_3375184165,train_3375184165
train_516234893,train_516234893
train_4273926577,train_4273926577
train_1865495553,train_1865495553
train_2777863633,train_2777863633
train_4085161467,train_4085161467
train_3628613915,train_1114283177 train_3628613915
train_3326967361,train_1159951245 train_3326967361
train_1159951245,train_1159951245 train_3326967361
train_678412991,train_678412991
train_3479089803,train_3479089803
train_990204630,train_990204630
train_2231549522,train_2231549522
train_2578580679,train_2578580679
train_132349606,train_132349606 train_363917850
train_363917850,train_132349606 train_363917850
train_3378458250,train_3378458250
train_3323243911,train_3323243911
train_2773148290,train_2773148290
train_2144152652,train_2144152652
train_2268148088,train_2268148088
train_4026565030,train_4026565030
train_352839557,train_352839557
train_993003820,train_993003820
train_1786645483,train_1786645483
train_2158016548,train_2158016548
train_620896125,train_620896125
train_4104589019,train_4104589019
train_1735503030,train_1735503030
train_2945616595,train_2945616595
train_64489467,train_64489467
train_813315979,train_4025259296 train_4212943174 train_813315979
train_4212943174,train_4025259296 train_4212943174 train_813315979
train_4025259296,train_4025259296 train_4212943174 train_813315979
train_1247905590,train_1247905590
train_2845577239,train_2845577239
train_1011324296,train_1011324296
train_164487488,train_164487488 train_1782647251 train_393331789
train_3453428145,train_3453428145
train_2290735215,train_2290735215
train_1474800807,train_1474800807
train_3459621696,train_3459621696 train_4269093928
train_4126876742,train_4126876742
train_3069601563,train_3069601563
train_422060732,train_422060732
train_1583281879,train_1583281879
train_766802109,train_4038180528 train_766802109
train_4038180528,train_4038180528 train_766802109
train_357163322,train_357163322
train_576940044,train_2109114219 train_2821917682 train_576940044 train_588233376
train_2821917682,train_2109114219 train_2821917682 train_576940044 train_588233376
train_4121636224,train_4121636224
train_3047880719,train_3047880719
train_2777669721,train_2777669721
train_234261561,train_234261561
train_3292422933,train_3292422933
train_175050834,train_175050834
train_143394667,train_143394667 train_2410183091
train_2761939478,train_2761939478
train_3375359724,train_3375359724
train_2214980551,train_2214980551
train_2990915947,train_1015625393 train_2990915947
train_147296261,train_147296261
train_4142352164,train_4142352164
train_4220716243,train_4220716243
train_975246011,train_975246011
train_291491783,train_291491783
train_481969355,train_481969355
train_3758923344,train_3758923344
train_2942320000,train_2942320000
train_1941322457,train_1941322457
train_1881305743,train_1881305743
train_3463950661,train_3463950661
train_1314196908,train_1314196908
train_2419028145,train_2419028145
train_1305850588,train_1305850588
train_2569498062,train_2569498062
train_1380242518,train_1380242518
train_3084239276,train_3084239276
train_3817951199,train_3817951199
train_3467363801,train_3467363801
train_515690967,train_515690967
train_2416278251,train_2416278251
train_2410668370,train_2121405728 train_2410668370
train_3761345076,train_3761345076
train_240499318,train_240499318
train_1616329852,train_1616329852
train_3287701163,train_3287701163
train_3905980045,train_3905980045
train_727093701,train_727093701
train_1375793402,train_1375793402
train_3819825526,train_3819825526
train_3998359010,train_3998359010
train_107218211,train_107218211
train_1377473557,train_1377473557
train_3959608116,train_3959608116
train_3110044930,train_3110044930
train_2682015752,train_2682015752
train_1114283177,train_1114283177 train_3628613915
train_710380489,train_710380489
train_4039536157,train_4039536157
train_873251142,train_873251142
train_846898119,train_846898119
train_1232041720,train_1232041720 train_2869779660
train_2869779660,train_1232041720 train_2869779660
train_2242533236,train_2242533236
train_2312276902,train_2312276902
train_1409045358,train_1409045358 train_2592728479
train_1613662864,train_1613662864
train_727865197,train_727865197
train_608120401,train_608120401
train_3334443887,train_3334443887
train_2183353133,train_2183353133
train_653606694,train_653606694
train_3067541613,train_3067541613
train_2681336497,train_2681336497
train_482015545,train_3329475700 train_482015545
train_3593292001,train_274634554 train_3593292001
train_274634554,train_274634554 train_3593292001
train_2364679167,train_2364679167
train_3551775694,train_3551775694
train_772114234,train_772114234
train_3626299198,train_3626299198
train_3226910378,train_3226910378
train_3654344818,train_3654344818
train_3363510497,train_3363510497
train_3177079594,train_3177079594
train_2875276457,train_2875276457
train_3944518428,train_3944518428
train_1251737602,train_1251737602
train_2669485863,train_2669485863
train_3506697307,train_3506697307
train_3659224940,train_3659224940
train_4223316428,train_4223316428
train_655567001,train_655567001
train_2344122634,train_2344122634
train_2691717919,train_2691717919
train_1922843203,train_1843031634 train_1922843203
train_3378866976,train_3378866976
train_2486804294,train_2027008950 train_2486804294
train_2027008950,train_2027008950 train_2486804294
train_845765906,train_845765906
train_328364603,train_328364603
train_2577261121,train_2577261121
train_2950528366,train_1133752994 train_2950528366
train_3884157725,train_3884157725
train_1858724553,train_1858724553
train_1823585660,train_1823585660
train_1320919271,train_1320919271
train_3997218821,train_3997218821
train_1555059981,train_1555059981
train_1364275599,train_1364275599
train_1969570411,train_1969570411
train_4040042572,train_4040042572
train_984412308,train_4206743389 train_984412308
train_1420126918,train_1420126918
train_678655529,train_678655529
train_2204264344,train_2204264344
train_1955177908,train_1955177908
train_2904804407,train_2904804407
train_3232333966,train_3232333966
train_878569709,train_1110212222 train_878569709
train_1110212222,train_1110212222 train_878569709
train_2341930746,train_2341930746
train_3821682433,train_3821682433
train_3375155783,train_1666151485 train_2991218574 train_3375155783 train_4151772784
train_1666151485,train_1666151485 train_2991218574 train_3375155783 train_4151772784
train_4151772784,train_1298786542 train_1666151485 train_2806016221 train_2991218574 train_3375155783 train_4151772784
train_2991218574,train_1666151485 train_2991218574 train_3375155783 train_4151772784
train_462347484,train_462347484
train_964138261,train_2097298407 train_964138261
train_2097298407,train_2097298407 train_964138261
train_3808370752,train_3808370752
train_3330762048,train_3330762048
train_2853268808,train_2853268808
train_1312941666,train_1312941666
train_1759919213,train_1759919213
train_1415324675,train_1415324675
train_1525618070,train_1525618070
train_2497153052,train_2497153052
train_3844172814,train_3844172814
train_2566109705,train_2566109705
train_3828703006,train_3828703006
train_2558882839,train_2558882839 train_3100676375
train_73167406,train_73167406
train_3409221312,train_3409221312 train_3687966754
train_3972088306,train_3972088306
train_1779524587,train_1779524587
train_2952359023,train_2952359023
train_393331789,train_164487488 train_1782647251 train_393331789
train_1782647251,train_164487488 train_1782647251 train_393331789
train_4169467253,train_4169467253
train_1498642840,train_1498642840
train_2332810073,train_2332810073
train_2048327036,train_2048327036
train_653794355,train_653794355
train_1198057711,train_1198057711
train_4268466355,train_4268466355
train_3191833128,train_3191833128
train_3064668012,train_3064668012
train_2309760239,train_2309760239
train_925751208,train_925751208
train_128219791,train_128219791
train_1014754278,train_1014754278
train_3809991483,train_3809991483
train_1065906242,train_1065906242
train_3683334435,train_3683334435
train_1683455913,train_1683455913 train_3457647696 train_38222465
train_38222465,train_1683455913 train_3457647696 train_38222465
train_3457647696,train_1683455913 train_3457647696 train_38222465
train_312328234,train_312328234
train_516348229,train_516348229
train_1228846946,train_1228846946
train_1752037024,train_1752037024
train_2538794536,train_2538794536
train_3923439137,train_3923439137
train_1704004026,train_1704004026
train_1506017221,train_1506017221
train_2937206762,train_2937206762
train_1247464087,train_1247464087
train_3205943724,train_3205943724
train_2573580075,train_2573580075 train_3539658087
train_3539658087,train_2573580075 train_3539658087
train_1531715657,train_1531715657
train_1085892853,train_1085892853
train_2569398543,train_2569398543 train_3040500929 train_747704194
train_3728233037,train_3728233037
train_3284960524,train_3284960524
train_3383696066,train_3383696066
train_3329475700,train_3329475700 train_482015545
train_192154327,train_192154327
train_885706109,train_885706109
train_244124960,train_244124960
train_482224099,train_482224099
train_3728970541,train_3728970541
train_3599739122,train_3599739122
train_1241042529,train_1241042529
train_2105385607,train_2105385607
train_3106521966,train_3106521966
train_4103712495,train_4103712495
train_970406003,train_970406003
train_4224228898,train_4224228898
train_1682232426,train_1682232426
train_2951287280,train_2951287280
train_2721557566,train_2721557566
train_3100676375,train_2558882839 train_3100676375
train_899190080,train_899190080
train_951578623,train_951578623
train_3239574466,train_3239574466
train_335719894,train_335719894
train_3047141115,train_3047141115
train_765732065,train_765732065
train_1020293717,train_1020293717
train_684593423,train_684593423
train_308910898,train_308910898
train_758846201,train_758846201
train_1963260960,train_1963260960
train_1598904247,train_1598904247
train_4220680841,train_4220680841
train_2355485408,train_2355485408
train_1455917465,train_1455917465
train_1988357862,train_1988357862
train_1870943913,train_1870943913
train_977275912,train_977275912
train_924728416,train_924728416
train_96204715,train_96204715
train_3863667075,train_3863667075
train_285828586,train_285828586
train_1252827374,train_1252827374
train_3123769162,train_3123769162
train_2437331406,train_2437331406
train_130397169,train_130397169
train_2468520375,train_2468520375
train_2518407869,train_2518407869
train_2340749324,train_2340749324
train_3416091803,train_3416091803
train_1700783149,train_1700783149
train_2983952213,train_2983952213
train_1506018586,train_1506018586
train_1751148372,train_1751148372
train_846784723,train_846784723
train_3840937409,train_3840937409
train_1099322188,train_1099322188
train_4105413854,train_4105413854
train_3498648360,train_3498648360
train_3087797030,train_3087797030
train_2049683838,train_2049683838
train_3011074612,train_3011074612
train_2429713146,train_2429713146
train_3197183828,train_3197183828 train_3838907589
train_926374045,train_926374045
train_1337940039,train_1337940039
train_3241064419,train_3241064419
train_42091273,train_42091273
train_3903462741,train_3903462741
train_867916245,train_867916245
train_521084183,train_521084183
train_2259963087,train_2259963087
train_329829364,train_329829364
train_3497579676,train_3497579676
train_1842388843,train_1842388843
train_54542069,train_54542069
train_849093116,train_849093116
train_1748742424,train_1748742424
train_3838907589,train_3197183828 train_3838907589
train_3795884238,train_3795884238
train_308261111,train_308261111
train_1982934939,train_1982934939
train_3496681532,train_1490085416 train_3496681532
train_2275369863,train_2275369863
train_3384415537,train_3384415537
train_3877179943,train_3877179943
train_1468886633,train_1468886633
train_3978236021,train_3978236021
train_3755240481,train_3755240481
train_2711071734,train_1085922914 train_2711071734
train_2789622683,train_2789622683
